<?xml version="1.0" encoding="UTF-8" ?>
<!DOCTYPE log4j:configuration SYSTEM "log4j.dtd">

<log4j:configuration debug="false"
                     xmlns:log4j="http://jakarta.apache.org/log4j/">

    <appender name="console" class="org.apache.log4j.ConsoleAppender">
        <param name="Target" value="System.out"/>
        <layout class="org.apache.log4j.PatternLayout">
            <param name="ConversionPattern" value="%d{HH:mm:ss,SSS} %-3p %c{1} -  %m%n"/>
        </layout>
    </appender>

    <appender name="error" class="org.apache.log4j.DailyRollingFileAppender">
        <param name="File" value="logs/sdp-sdk-error.log"/>
        <param name="Threshold" value="error"/>
        <param name="DatePattern" value="'.'yyyy-MM-dd-HH'.log'"/>
        <layout class="org.apache.log4j.PatternLayout">
            <param name="ConversionPattern" value="%d{DATE} %-5p [%x][%t] %c{1} - %m%n"/>
        </layout>
    </appender>

    <appender name="debug" class="org.apache.log4j.DailyRollingFileAppender">
        <param name="File" value="logs/sdp-sdk-debug.log"/>
        <param name="Threshold" value="debug"/>
        <param name="DatePattern" value="'.'yyyy-MM-dd-HH'.log'"/>
        <layout class="org.apache.log4j.PatternLayout">
            <param name="ConversionPattern" value="%d{DATE} %-5p [%x][%t] %c{1} - %m%n"/>
        </layout>
    </appender>

    <category name="org.springframework" additivity="true">
        <priority value="error"/>
    </category>

    <category name="org.hibernate" additivity="true">
        <priority value="error"/>
    </category>

    <category name="com.mchange" additivity="false">
        <priority value="error"/>
    </category>

    <category name="org.eclipse" additivity="true">
        <priority value="error"/>
    </category>

    <category name="org.apache" additivity="true">
        <priority value="error"/>
    </category>

    <category name="org.cxf" additivity="true">
        <priority value="debug"/>
    </category>

    <category name="hms" additivity="true">
        <priority value="info"/>
    </category>

    <category name="com.vaadin" additivity="true">
        <priority value="error"/>
    </category>

    <root>
        <priority value="debug"/>
        <appender-ref ref="console"/>
        <appender-ref ref="error"/>
        <appender-ref ref="debug"/>
    </root>

</log4j:configuration>